title,source,description,content,pub_date,url,photo_url
SEC Files Lawsuit Against BitConnect Founder Over Role in $2B Crypto Fraud,BeInCrypto,The U.S. Securities and Exchange Commission has sued the founder of BitConnect for his involvement in the $2 billion cryptocurrency scam that shocked...,"September
2, 2021
3 min read
This story originally appeared on be[IN]cryptoThe U.S. Securities and Exchange Commission has sued the founder of BitConnect for his involvement in the $2 billion cryp… [+2564 chars]",2021-09-02,https://beincrypto.com/sec-lawsuit-bitconnect-founder-role-crypto-fraud/,https://assets.entrepreneur.com/providers/be-in-crypto/hero-image-be-in-crypto-383175.jpeg
Binance founder Changpeng Zhao says its U.S. crypto exchange arm targets IPO in three years -The Information - Reuters,Reuters,"Global cryptocurrency exchange Binance's founder and chief executive officer Changpeng Zhao said that its U.S. arm could have an initial public offering in the next three years, The Information <a href=""https://bit.ly/3jBIOAT"" target=""_blank"">reported</a> on …","Changpeng Zhao, CEO of Binance, speaks at the Delta Summit, Malta's official Blockchain and Digital Innovation event promoting cryptocurrency, in St Julian's, Malta October 4, 2018. REUTERS/Darrin Za… [+1075 chars]",2021-09-02,https://www.reuters.com/technology/binance-founder-changpeng-zhao-says-its-us-crypto-exchange-arm-targets-ipo-three-2021-09-02/,https://www.reuters.com/resizer/qNU4zv6KCN1cddJSGQFIQUsUErE=/1200x628/smart/filters:quality(80)/cloudfront-us-east-2.images.arcpublishing.com/reuters/6AEJTD46RBJS5GOTPI22IIWVK4.jpg
"Ether above $4,000 for first time since May 15 - Reuters.com",Reuters,"Ether, the second-biggest cryptocurrency, on Friday passed $4,000 for the first time since May 15, with analysts citing frenzied demand for non-fungible tokens (NFTs) as a driver of recent momentum.","By Reuters Staff
NEW YORK, Sept 3 (Reuters) - Ether, the second-biggest cryptocurrency, on Friday passed $4,000 for the first time since May 15, with analysts citing frenzied demand for non-fungible… [+577 chars]",2021-09-03,https://www.reuters.com/article/crypto-currency-ethereum-idUSL1N2Q51B2,https://s1.reutersmedia.net/resources_v2/images/rcom-default.png?w=800
U.S. SEC investigates crypto exchange developer Uniswap Labs - WSJ - Reuters,Reuters,"The U.S. Securities and Exchange Commission (SEC) is investigating Uniswap Labs, the main developer behind one of the world's largest cryptocurrency exchanges, the Wall Street Journal reported on Friday https://www.wsj.com/articles/regulators-investigate-cryp…","By Reuters Staff
Sept 3 (Reuters) - The U.S. Securities and Exchange Commission (SEC) is investigating Uniswap Labs, the main developer behind one of the world's largest cryptocurrency exchanges, th… [+735 chars]",2021-09-03,https://www.reuters.com/article/crypto-currency-uniswap-idUSL4N2Q52NJ,https://s1.reutersmedia.net/resources_v2/images/rcom-default.png?w=800
Binance founder Changpeng Zhao says its U.S. crypto exchange arm targets IPO in three years -The Information - Reuters,Reuters,"Global cryptocurrency exchange Binance's founder and chief executive officer Changpeng Zhao said that its U.S. arm could have an initial public offering in the next three years, The Information reported https://bit.ly/3jBIOAT on Wednesday.","By Reuters Staff
FILE PHOTO: Changpeng Zhao, CEO of Binance, speaks at the Delta Summit, Malta's official Blockchain and Digital Innovation event promoting cryptocurrency, in St Julian's, Malta Octo… [+962 chars]",2021-09-02,https://www.reuters.com/article/binance-ipo-idUSKBN2FY04N,https://static.reuters.com/resources/r/?m=02&d=20210902&t=2&i=1573621880&r=LYNXMPEH81021&w=800
UPDATE 1-U.S. SEC investigates crypto exchange developer Uniswap Labs - WSJ - Reuters,Reuters,"The U.S. Securities and Exchange Commission (SEC) is investigating Uniswap Labs, the main developer behind one of the world's largest cryptocurrency exchanges, Uniswap, the Wall Street Journal reported on Friday https://www.wsj.com/articles/regulators-investi…","By Reuters Staff
Representations of cryptocurrencies Bitcoin, Ethereum, DogeCoin, Ripple, Litecoin are placed on PC motherboard in this illustration taken June 29, 2021. REUTERS/Dado Ruvic/Illustrat… [+1168 chars]",2021-09-03,https://www.reuters.com/article/crypto-currency-uniswap-idUSKBN2FZ18E,https://static.reuters.com/resources/r/?m=02&d=20210903&t=2&i=1573786764&r=LYNXMPEH820LX&w=800
"Dogecoin increased 4,600% in value in one year and Elon Musk gives it another push",Entrepreneur,"Elon Musk's favorite cryptocurrency, Dogecoin, has exploded thanks to tweets from the businessman, who celebrated the new update of the 'meme' coin.","September
2, 2021
2 min read
This article was translated from our Spanish edition using AI technologies. Errors may exist due to this process.
According to the specialized platform CoinMarketCap,… [+1896 chars]",2021-09-02,https://www.entrepreneur.com/article/383416,https://assets.entrepreneur.com/content/3x2/2000/1630612570-Sinttulo.jpg
"What is the Wifedoge? Meet the cryptocurrency 'wife' of Dogecoin that grew more than 3,000% in one day and Elon Musk already 'liked' it",Entrepreneur,"In just 24 hours, the new cryptocurrency Wifecoin, 'wife' and clone of Dogecoin, increased its market capitalization by more than 3,000%, should you buy?","September
3, 2021
4 min read
This article was translated from our Spanish edition using AI technologies. Errors may exist due to this process.
Opinions expressed by Entrepreneur contributors are … [+3422 chars]",2021-09-03,https://www.entrepreneur.com/article/383729,https://assets.entrepreneur.com/content/3x2/2000/1630707370-Sep3WifedogDogecoinElonMuskcritomonedas.jpg
Cardano joins crypto's creative destruction loop - Reuters,Reuters,"Watch out, bitcoin and ether. Cryptocurrency platform Cardano had its ADA token pass the $3 mark for the first on Sept. 1, just weeks after becoming the world’s third-biggest virtual tender. While its total value at that price of $96 billion is roughly a fift…","Representations of cryptocurrencies Bitcoin, Ethereum, DogeCoin, Ripple, Litecoin are placed on PC motherboard in this illustration taken, June 29, 2021. REUTERS/Dado Ruvic/Illustration NEW YORK, Sep… [+2712 chars]",2021-09-03,https://www.reuters.com/breakingviews/cardano-joins-cryptos-creative-destruction-loop-2021-09-02/,https://www.reuters.com/resizer/ueJtkjyeNWawC2EeRlrxZljHXpM=/1200x628/smart/filters:quality(80)/cloudfront-us-east-2.images.arcpublishing.com/reuters/6UVNR3WPMRJC3G7S6WGOMPMYNE.jpg
S&P 500 hits 54th record close of the year ahead of crucial jobs report,Business Insider,The release of the August jobs report on Friday will be an input for how fast the Fed decides to taper its monthly bond purchases.,"Lucas Jackson/Reuters
<ul><li>US stocks closed higher on Thursday as investors await Friday's crucial jobs report.</li><li>The S&amp;P 500 closed at a record high for the 54th time of the year, whil… [+2483 chars]",2021-09-02,https://markets.businessinsider.com/news/stocks/stock-market-news-today-sp500-54th-record-close-of-year-2021-9,https://images2.markets.businessinsider.com/5f5792abe6ff30001d4e771f?format=jpeg
"Majority of Salvadorans do not want bitcoin, poll shows - Reuters",Reuters,"Most Salvadorans disagree with the government's decision to adopt bitcoin as legal tender, with many unaware of how to use the digital currency and distrustful of the project, a poll by the Central American University (UCA) showed on Thursday.","A man takes part in a protest against the detention of cryptocurrency commentator Mario Gomez, and against the use of bitcoin as legal tender, in San Salvador, El Salvador, September 1, 2021. REUTERS… [+1945 chars]",2021-09-02,https://www.reuters.com/technology/majority-salvadorans-do-not-want-bitcoin-poll-shows-2021-09-02/,https://www.reuters.com/resizer/Pj_B5AefhEO94Ma2SsFhWKjLSKc=/1200x628/smart/filters:quality(80)/cloudfront-us-east-2.images.arcpublishing.com/reuters/LBZBVZLQYJPOPNULFUPVJHYX3M.jpg
Kraken versus Binance: How the crypto exchanges compare,Business Insider,"Both Kraken and Binance offer low fees, but Kraken is more suitable for newer traders. Binance is a stronger choice for advanced users.","Personal Finance Insider writes about products, strategies, and tips to help you make smart decisions with your money. We may receive a small commission from our partners, like American Express, but … [+6555 chars]",2021-09-03,https://www.businessinsider.com/personal-finance/kraken-vs-binance,https://i.insider.com/61322ef49ef1e50018f9ab20?width=1200&format=jpeg
Banksy Was Warned About Website Flaw Before NFT Hack Scam,Slashdot.org,"Artist Banksy's team was warned his website had a security weakness seven days before a hacker scammed a fan out of $336,000. The BBC reports: On Tuesday a piece of art was advertised on Banksy's official website as the world-renowned graffiti artist's first …","On Tuesday a piece of art was advertised on Banksy's official website as the world-renowned graffiti artist's first NFT (non-fungible token). A British collector won the auction to buy it, before rea… [+1509 chars]",2021-09-03,https://it.slashdot.org/story/21/09/03/2018240/banksy-was-warned-about-website-flaw-before-nft-hack-scam,https://a.fsdn.com/sd/topics/security_64.png
"FACTBOX-From tech to entertainment, China's season of regulatory crackdown - Reuters",Reuters,"China has launched a multi-pronged crackdown on a broad range of industries, leaving startups and decades-old firms alike operating in a new, uncertain environment.","By Reuters Staff
(Updates with new rules for entertainment sector)
Sept 2 (Reuters) - China has launched a multi-pronged crackdown on a broad range of industries, leaving startups and decades-old f… [+6009 chars]",2021-09-02,https://www.reuters.com/article/china-regulation-idUSL1N2Q40KQ,https://s1.reutersmedia.net/resources_v2/images/rcom-default.png?w=800
‘Big 4’ salaries - New UBS family office head - Bloomberg terminal updates,Business Insider,"The biggest finance news for Sept. 2, including the latest on ""Big 4"" pay, UBS's new family office head, and Bloomberg Terminal's updates.","Welcome to Insider Finance. If this was forwarded to you, sign up here. Plus, download Insider's app for news on the go click here for iOS and here for Android.
On the agenda today:
Let's get start… [+2364 chars]",2021-09-02,https://www.businessinsider.com/big-4-salaries-ubs-family-office-head-bloomberg-terminal-updates-2021-9,https://i.insider.com/612ff0bc12b9cc001963cc6d?width=1200&format=jpeg
Nobel Prize-winning economist Joseph Stiglitz explains why today's bull market isn't sustainable - and why he welcomes the US labor shortage,Business Insider,"""It distorts risk-taking. It creates bubbles,"" Stiglitz said about major US indices hitting record highs on a daily basis.","Joseph Stiglitz.
Stefano Guidi/Getty Images for Polito di Torino
US economist Joseph Stiglitz told CNBC on Thursday the current bull run in the market isn't sustainable, and he welcomes the tightne… [+2188 chars]",2021-09-03,https://markets.businessinsider.com/news/stocks/stock-market-outlook-joseph-stiglitz-tight-labor-market-fed-policy-2021-9,https://images2.markets.businessinsider.com/6131f30dee41b90019722671?format=jpeg
What is an NFT? Everything to know about the expensive digital tokens taking over cryptocurrency - CNET,CNET,"NFTs are tied to all types of art, but that doesn't mean you own it. We'll explain.","NFT art could be a new way to spend and make money.
Getty Images
Nonfungible tokens, or NFTs, are a new kind of collectible that could -- or could not -- earn you big bucks. NFTs began in 2017 and … [+7108 chars]",2021-09-04,https://www.cnet.com/personal-finance/what-is-an-nft-everything-to-know-about-the-expensive-digital-tokens-taking-over-cryptocurrency/,https://www.cnet.com/a/img/FipiXkLmteC2WrEvx8MqCMtD_g8=/1200x630/2021/04/06/ffd7569a-cf4f-4dbc-9612-ba6f51ba8f88/gettyimages-1231935363.jpg
Catching up with Twitter’s most recent head of corp dev — and new VC — Seksom Suriyapa,TechCrunch,"Seksom Suriyapa was seemingly destined to land at a venture firm. A Stanford Law graduate, he worked at two blue-chip investment banks before joining the cybersecurity company McAfee as a senior corp dev employee, later logging six years at the human resource…","Seksom Suriyapa was seemingly destined to land at a venture firm. A Stanford Law graduate, he worked at two blue-chip investment banks before joining the cybersecurity company McAfee as a senior corp… [+9343 chars]",2021-09-04,http://techcrunch.com/2021/09/03/catching-up-with-twitters-most-recent-head-of-corp-dev-and-new-vc-seksom-suriyapa/,https://techcrunch.com/wp-content/uploads/2021/09/Screen-Shot-2021-09-03-at-6.35.51-PM.png?w=478
"Market Pulse: Solana hits all time-high, Ether rises above $4,000 on path back to record for the crypto",MarketWatch,The price rallies of ether and solan were partly driven by the explosive growth of decentralized finance protocols and nonfungible tokens.,"Ether was trading above $4,000 on Friday, on a path to potentially return to its all-time high of $4,647 in May, while bitcoin has risen above $51,000. Solana, the seventh largest cryptocurrency by m… [+1185 chars]",2021-09-03,https://www.marketwatch.com/story/solana-hits-all-time-high-ether-rises-above-4-000-on-path-back-to-record-for-the-crypto-11630684288,https://images.mktw.net/im-333228/social
Using bitcoin as legal tender,The Economist,Is El Salvador’s move a costly gimmick or an attempt to lower transaction fees? | Finance & economics,"WHEN ASKED if anyone has tried to use bitcoin to pay her, a woman selling coffee and pastries in San Salvador, the capital city of El Salvador, replies thank God, no, and rebuffs an attempt to do so.… [+3330 chars]",2021-09-02,https://www.economist.com/finance-and-economics/2021/09/04/using-bitcoin-as-legal-tender,https://www.economist.com/img/b/1280/720/90/sites/default/files/images/2021/09/articles/main/20210904_fnp503.jpg
"US futures climb after stocks hit record highs, while the dollar flatlines ahead of key employment data",Business Insider,Nonfarm payrolls data for August will be very closely watched as it could influence when the Federal Reserve will start cutting its bond purchases.,"Economists expect nonfarm payrolls growth to have slowed in August.
Amira Karaoud/Reuters
US stock futures climbed on Friday while the dollar consolidated after a marked decline as investors awaite… [+2916 chars]",2021-09-03,https://markets.businessinsider.com/news/stocks/stock-market-today-jobs-nonfarm-payrolls-employment-federal-reserve-dollar-2021-9,https://images2.markets.businessinsider.com/6131d745ee41b90019722545?format=jpeg
What is the NVIDIA GeForce RTX 3080 GPU mining hashrate?,Windows Central,"Best answer: With optimal settings configured for cryptocurrency mining, you should expect to see a hashrate of about 100MH/s for an NVIDIA GeForce RTX 3080 graphics card.

Great for gaming and crypto mining

When using DaggerHashimoto and configuring the NVI…","Great for gaming and crypto mining
When using DaggerHashimoto and configuring the NVIDIA GeForce RTX 3080 to optimal settings, you'll easily get a hashrate of more than 95MH/s. That's at about 240W,… [+1464 chars]",2021-09-02,https://www.windowscentral.com/what-nvidia-geforce-rtx-3080-gpu-mining-hashrate,https://www.windowscentral.com/sites/wpcentral.com/files/styles/large/public/field/image/2020/10/nvidia-geforce-rtx-3080-32.jpg
How the world’s biggest dark web platform spreads child sex abuse material — and why it’s hard to stop,The Next Web,"Child sexual abuse material is rampant online, despite considerable efforts by big tech companies and governments to curb it. And according to reports, it has only become more prevalent during the COVID-19 pandemic. This material is largely hosted on the anon…","Child sexual abuse material is rampant online, despite considerable efforts by big tech companies and governments to curb it. And according to reports, it has only become more prevalent during the CO… [+7390 chars]",2021-09-03,https://thenextweb.com/news/how-worlds-biggest-dark-web-platform-spreads-child-sex-abuse-material-why-hard-stop-syndication,https://img-cdn.tnwcdn.com/image/tnw?filter_last=1&fit=1280%2C640&url=https%3A%2F%2Fcdn0.tnwcdn.com%2Fwp-content%2Fblogs.dir%2F1%2Ffiles%2F2021%2F09%2FTor-Browser-dark-web-Onion-hed.jpg&signature=5ff466d4bdf5d136a052b3cfb2945901
Here's Why Cryptocurrency FTX Is Soaring Today,Motley Fool,"This popular exchange token has returned nearly 1,800% to investors over the past year.","What happened 
The FTX Token (CRYPTO:FTT) is up 16.7% in the past 24 hours to $69.37 apiece as of 10:30 a.m. EDT today. It has now become the 27th largest cryptocurrency in the world, with a market … [+1362 chars]",2021-09-02,https://www.fool.com/investing/2021/09/02/heres-why-cryptocurrency-ftx-is-soaring-today/,https://g.foolcdn.com/editorial/images/641782/gettyimages-844095552.jpg
Here's Why Solana's Cryptocurrency Is Skyrocketing Today,Motley Fool,"The price per token for Solana's SOL is now up roughly 8,270% year to date.","What happened
The Solana (CRYPTO:SOL) cryptocurrency is soaring again on Friday. The token, called SOL, has climbed roughly 12.6% over the last 24 hours, and it set a record high for its price in to… [+1880 chars]",2021-09-03,https://www.fool.com/investing/2021/09/03/heres-why-solanas-cryptocurrency-is-skyrocketing-t/,https://g.foolcdn.com/editorial/images/641974/the-sun-and-a-rocket-blasting-above-the-clouds.jpg
How Ethereum's Next Big Upgrade Could Boost Its Value,Motley Fool,The world's second-largest cryptocurrency has way more use cases than Bitcoin and may be a better long-term investment.,"Ethereum(CRYPTO:ETH)- the world's second-largest cryptocurrency, and the most popular smart contract and decentralized application network -- just changed the way it pays the people who maintain its … [+5465 chars]",2021-09-04,https://www.fool.com/investing/2021/09/04/how-ethereums-next-big-upgrade-could-boost-its-val/,https://g.foolcdn.com/editorial/images/641991/woman-using-ethereum.jpg
Why Nvidia Shares Beat the Market Today,Motley Fool,An analyst's price target upgrade and a healthy cryptocurrency market make for a strong end to the stock's week.,"What happened
Shares of Nvidia(NASDAQ:NVDA) closed Friday more than 2% higher, in contrast to a generally flat stock market. That followed a price target upgrade from one analyst tracking the stock.… [+1349 chars]",2021-09-03,https://www.fool.com/investing/2021/09/03/why-nvidia-is-beating-the-market-today/,https://g.foolcdn.com/editorial/images/641999/circuit-board.jpg
2 Growth Stocks to Buy Before Dogecoin,Motley Fool,The novelty cryptocurrency has tumbled during the past few months. Why not look for high growth in businesses that are making themselves more and more valuable?,"Stock market returns have come steady and strong this year, with the benchmark S&amp;P 500 index rising by roughly 21%. That's much better than the roughly 14% the index has returned on average over … [+5172 chars]",2021-09-02,https://www.fool.com/investing/2021/09/02/growth-stocks-upstart-billcom-to-buy-before-doge/,https://g.foolcdn.com/editorial/images/641385/a-person-pointing-to-two-arrows-outperforming-another-arrow-with-a-cityscape-below.jpg
Insider Advertising: Facebook's iPhone measurement flub,Business Insider,"In today's Insider Advertising we're covering Facebook's iPhone measurement bug, Amazon's ads hiring spree, and Unilever jumping at new NCAA rules.","Hello and welcome back to Insider Advertising, your weekly look at the biggest stories and trends affecting Madison Avenue and beyond. I'm Lara O'Reilly, Insider's media and advertising editor. If th… [+7423 chars]",2021-09-02,https://www.businessinsider.com/insider-advertising-newsletter-facebook-measurement-amazon-hiring-nil-ncaa-unilever-2021-9,https://i.insider.com/60b75d26bee0fc0019d5ac68?width=1200&format=jpeg
A Critic of El Salvador's Bitcoin Law Was Arrested Allegedly Without a Warrant,Vice News,The arrest of cryptocurrency expert and Bitcoin law critic Mario Gómez sparked a social media campaign before he was eventually released.,"On Wednesday, police in El Salvador arrested a cryptocurrency and computer specialist who had previously criticized the government’s new Bitcoin law. Mario Gómez was taken away in handcuffs while dri… [+2645 chars]",2021-09-02,https://www.vice.com/en/article/y3d9zj/a-critic-of-el-salvadors-bitcoin-law-was-arrested-allegedly-without-a-warrant,https://video-images.vice.com/articles/613122688e75dd009a25bc37/lede/1630610192453-untitled-design-48.jpeg?image-resize-opts=Y3JvcD0wLjg4ODg4ODg4ODg4ODg4OXh3OjF4aDtjZW50ZXIsY2VudGVyJnJlc2l6ZT0xMjAwOiomcmVzaXplPTEyMDA6Kg
Top cryptocurrency exchange – Trustex.,Visual.ly,The context of exchange services is changing in an effort to incentivize more efficient market participation. The new paradigm of trading digital asse,"https://trustex.ai/ Trustex https://trustex.ai/ Trustex is one such top cryptocurrency exchange that utilizes the latest technology to serve as an easy way for individuals to trade, buy and sell cryp… [+97 chars]",2021-09-04,https://visual.ly/community/Infographics/business/top-cryptocurrency-exchange-%E2%80%93-trustex,http://thumbnails-visually.netdna-ssl.com/top-cryptocurrency-exchange--trustex_613389061bdbc_w250_h250.jpg
LightChain: Scalable DHT-Based Blockchain,Arxiv.org,"As an append-only distributed database, blockchain is utilized in a vast
variety of applications including the cryptocurrency and Internet-of-Things
(IoT). The existing blockchain solutions show downsides in communication and
storage scalability, as well as d…","arXivLabs is a framework that allows collaborators to develop and share new arXiv features directly on our website.
Both individuals and organizations that work with arXivLabs have embraced and acce… [+281 chars]",2021-09-02,https://arxiv.org/abs/2109.00416,https://static.arxiv.org/icons/twitter/arxiv-logo-twitter-square.png
"Bitcoin Is Up, But The No. 3 Cryptocurrency Hits New High",Investor's Business Daily,"The world's third-largest cryptocurrency, Cardano ada, hit a new high amid a rebound in digital currencies. Cryptocurrency stocks jumped.","Cryptocurrencies are regaining momentum and Cardano, the new kid on the block, is making a splash.
XAlready the world's third-largest cryptocurrency, Cardano's ada token hit a new high of $3.09 on T… [+2364 chars]",2021-09-02,https://www.investors.com/news/cardano-ada-hits-new-high-no-3-cryptocurrency-market-cap-near-100-billion/,https://www.investors.com/wp-content/uploads/2021/04/Stock-bitcoincrypto-01-adobe.jpg
How crypto is making financial elite STRONGER...,Unherd.com,"How crypto is making financial elite STRONGER...

 
 
 
 (Third column, 1st story, link)

 

 

 
 Related stories:Bitcoin Uses More Electricity -- Than Many Countries!","Wall Street, the Federal Reserve and the financial arm of Silicon Valley cant believe their luck. The cryptocurrency movement, the very rebellion that set out to defeat their hegemony, has provided t… [+7721 chars]",2021-09-03,http://unherd.com/2021/09/the-crypto-revolution-has-failed/,https://unherd.com/wp-content/uploads/2021/09/GettyImages-1230577642-scaled-e1630599410288-1.jpg
"S3 Ep48: Cryptographic bugs, cryptocurrency nightmares, and lots of phishing [Podcast]",Sophos.com,Latest episode - listen now!,"[02’00”] Security code flushes out security bugs.[15’48”] Recursion: see recursion.[26’34”] Phishing (and lots of it).[33’09”] Oh! No! The Windows desktop that got so big it imploded.
With Paul Duck… [+592 chars]",2021-09-03,https://nakedsecurity.sophos.com/2021/09/03/s3-ep48-cryptographic-bugs-cryptocurrency-nightmares-and-lots-of-phishing-podcast/,https://nakedsecurity.sophos.com/wp-content/uploads/sites/2/2021/01/nean-with-mic-wt-greys-1200.png?w=775
Twitter Will Soon Let You Tip People in Bitcoin,HYPEBEAST,"Twitter might soon start allowing its users to tip its favorite content creators in Bitcoin.The social network's head of consumer product, Kayvon Beykpour, responded to a tweet by researcher Alessandro Paluzzi, who first spotted the new feature, with emojis s…","Twitter might soon start allowing its users to tip its favorite content creators in Bitcoin.
The social network’s head of consumer product, Kayvon Beykpour, responded to a tweet by researcher Alessa… [+1555 chars]",2021-09-03,https://hypebeast.com/2021/9/twitter-tip-jar-bitcoin-payments-funny-tweets,https://image-cdn.hypb.st/https%3A%2F%2Fhypebeast.com%2Fimage%2F2021%2F09%2Ftwitter-tip-jar-bitcoin-payments-funny-tweets-tw.jpg?w=960&cbr=1&q=90&fit=max
"Why Bitcoin, Dogecoin, Ethereum -- and Coinbase, Too -- Are Moving Today",Motley Fool,Mixed news feels like good news for most cryptocurrencies today.,"What happened
As the week draws to a close, cryptocurrency prices are looking decidedly mixed in Friday morning trading. Here's how prices for several of the biggest names in cryptocurrency stand as… [+2725 chars]",2021-09-03,https://www.fool.com/investing/2021/09/03/why-bitcoin-dogecoin-ethereum-coinbase-moved/,https://g.foolcdn.com/editorial/images/641943/red-arrow-going-down-crosses-a-green-arrow-going-up.jpg
FinTech Unicorns: How to Spot Early Winners,Zacks.com,"The flood of FinTech IPOs is far from over, but some homework is vital to invest safely.","September
2, 2021
9 min read
This story originally appeared on ZacksWhich FinTech unicorns did you buy this year after their IPO?
If you bought RobinhoodHOOD early last month under $40 -- before … [+9660 chars]",2021-09-02,http://www.zacks.com/stock/news/1790614/fintech-unicorns-how-to-spot-early-winners?cid=CS-ENTREPRENEUR-FT-video_blog-1790614,https://assets.entrepreneur.com/providers/zacks/hero-image-zacks-383406.jpeg
Startup Cities and the Housing Crisis: The Only Way Out Is Up,Profectusmag.com,"The United States is in the midst of a severe housing crisis. Growing populations, increasing incomes, and greater benefits to living in cities are all driving up demand for housing. Simultaneously, the monotonic growth of the zoning code and the ratcheting i…","The United States is in the midst of a severe housing crisis. Growing populations, increasing incomes, and greater benefits to living in cities are all driving up demand for housing. Simultaneously, … [+13508 chars]",2021-09-02,https://profectusmag.com/startup-cities/,https://profectusmag.com/wp-content/uploads/2021/08/startuocities.jpg
Nvidia's next mining GPU appears to be a passively cooled monster,PC Gamer,Nvidia isn't ready to give up on its cryptocurrency mining cards just yet.,"Images of a new Nvidia mining graphics card appear to show a passively cooled behemoth. The CMP 170HX is a heavily cut-down version of Nvidia's super high-end GA100, and appears to be one and the sam… [+3094 chars]",2021-09-02,https://www.pcgamer.com/nvidias-next-mining-gpu-appears-to-be-a-passively-cooled-monster/,https://cdn.mos.cms.futurecdn.net/bBRYUinrgcCUgH3RN4UXaR-1200-80.jpg
Buy this Under-the-Radar Crypto Before it Pops,Motley Fool,Massive capital inflows are coming to the decentralized exchange behind this totally not-a-breakfast token.,"Had you invested just $1,000 into PancakeSwap (CRYPTO:CAKE) tokens last October, you would be sitting on more than $20,000 in profits today. It hasn't even been a year since its launch, but the names… [+3369 chars]",2021-09-04,https://www.fool.com/investing/2021/09/04/buy-this-under-the-radar-crypto-before-it-pops/,https://g.foolcdn.com/editorial/images/640833/gettyimages-1286880382.jpg
Will Centre’s crypto hesitancy extinguish a thriving asset class?,The Times of India,"For the Indian investor, with cryptocurrency comes hesitancy, particularly in the face of hostility from the Reserve Bank and the Finance Ministry. However, investments in crypto have grown from around $200 million to nearly $40 billion in the past year, as p…","While the Cabinet ruminates on the cryptocurrency bill, 15 million Indians are now trading in digital coins. This almost puts us in the same league as the US where 23 million people trade in cryptos.… [+3840 chars]",2021-09-02,https://economictimes.indiatimes.com/news/economy/policy/will-centres-crypto-hesitancy-extinguish-a-thriving-asset-class/articleshow/85862331.cms,"https://img.etimg.com/thumb/msid-85862312,width-1070,height-580,imgsize-271499,overlay-economictimes/photo.jpg"
Crypto Markets Rally: Cardano Surges To New High As Bitcoin And Ether Hit Highest Prices Since $1 Trillion Crash,Forbes,Cardano has amassed nearly $100 billion in market value while bitcoin and ether hit their highest prices since May.,"Following weeks of pent-up price momentum, cryptocurrencies rallied Thursday morning amid growing fervor for the buzzy blockchain-based digital collectibles known as non-fungible tokens and ongoing i… [+3777 chars]",2021-09-02,https://www.forbes.com/sites/jonathanponciano/2021/09/02/crypto-markets-rally-cardano-surges-to-new-high-as-bitcoin-and-ether-hit-highest-price-since-1-trillion-crash/,https://thumbor.forbes.com/thumbor/fit-in/1200x0/filters%3Aformat%28jpg%29/https%3A%2F%2Fspecials-images.forbesimg.com%2Fimageserve%2F609d58fa44b65becf567fd9a%2F0x0.jpg%3FcropX1%3D0%26cropX2%3D4234%26cropY1%3D0%26cropY2%3D2383
"Solana Overtakes Dogecoin As Ethereum Price Hits $4,000 For First Time Since $1 Trillion Crypto Crash",Forbes,"Growing buzz around blockchain-based smart contracts has fueled massive gains in cryptocurrencies like sol, ether and Cardano's ada.",Cryptocurrencies leading the market for blockchain-based smart contractsthe self-executing agreements underpinning the buzzy digital collectibles known as non-fungible tokensled a stunning Friday ral… [+3910 chars],2021-09-03,https://www.forbes.com/sites/jonathanponciano/2021/09/03/solana-overtakes-dogecoin-ethereum-price-hits-4000/,https://thumbor.forbes.com/thumbor/fit-in/1200x0/filters%3Aformat%28jpg%29/https%3A%2F%2Fspecials-images.forbesimg.com%2Fimageserve%2F613248cdc1459f807672de2d%2F0x0.jpg%3FcropX1%3D0%26cropX2%3D1418%26cropY1%3D73%26cropY2%3D871
Why Was BIT Mining Stock Skyrocketing on Thursday?,Motley Fool,This low float stock with high short interest was able to fly once the traders piled in.,"What happened
Shares of cryptocurrency stock BIT Mining Limited(NYSE:BTCM) skyrocketed on Thursday. As of 3:30 p.m. EDT, the stock was up 31%, but it had been up over 50% earlier in the session. Man… [+2424 chars]",2021-09-02,https://www.fool.com/investing/2021/09/02/why-was-bit-mining-stock-skyrocketing-on-thursday/,https://g.foolcdn.com/editorial/images/641808/an-investor-points-to-a-stock-chart-with-a-pen-while-on-phone.jpg
"‘Important’—Elon Musk Backs Major Dogecoin Upgrade As Bitcoin, Ethereum, Cardano And Solana Send The Crypto Market Price Towards $2.3 Trillion",Forbes,"Tesla chief executive Elon Musk has weighed in a major dogecoin upgrade, designed to secure the dogecoin blockchain reduce transaction fees, calling it ""important""...","Bitcoin and cryptocurrency prices have surged back in recent weeks after crashing earlier this year.
The bitcoin price, which touched $65,000 per bitcoin in April before dropping to under $30,000, h… [+3653 chars]",2021-09-03,https://www.forbes.com/sites/billybambrough/2021/09/03/important-elon-musk-backs-major-dogecoin-upgrade-as-bitcoin-ethereum-cardano-and-solana-send-the-crypto-market-price-towards-23-trillion/,https://thumbor.forbes.com/thumbor/fit-in/1200x0/filters%3Aformat%28jpg%29/https%3A%2F%2Fspecials-images.forbesimg.com%2Fimageserve%2F5fdfb56d111d68467d2218f3%2F0x0.jpg
Are You Ready for Bitcoin's Capital Flight into Other Cryptos?,Motley Fool,The technology behind Bitcoin is rapidly becoming obsolete.,"It's been less than 13 years since the creation of the world's first and largest digital currency, but Bitcoin (CRYPTO:BTC) is already on its way to becoming a thing of the past. Sometimes in investi… [+4585 chars]",2021-09-03,https://www.fool.com/investing/2021/09/03/are-you-ready-for-bitcoins-capital-flight-into-oth/,https://g.foolcdn.com/editorial/images/640003/gettyimages-1167779631.jpg
The arguments for firing Jay Powell are tiresome and stupid,Business Insider,The Fed's main job is monetary policy. Jay Powell has made excellent monetary policy. So his opponents must search for bizarre reasons to replace him.,"The 
 Federal Reserve has a number of functions and responsibilities, but the most important thing the central bank does is set monetary policy. I feel weird even needing to write that sentence, but… [+12218 chars]",2021-09-03,https://www.businessinsider.com/arguments-firing-reappoint-federal-reserve-chairman-jerome-powell-tiresome-stupid-2021-9,https://i.insider.com/6132350a084ba30018161ebc?width=1200&format=jpeg
"The Most Interesting Price Charts Of The Week: Gold, Bitcoin, Ether, Analyzed",Forbes,Let’s start with the price of gold because hardly anyone cares anymore and that might be a sign of something.,"Price charts.
getty
Lets start with the price of gold because hardly anyone cares anymore and that might be a sign of something, emphasis on the might. When youve got a hot, new cryptocurrency ever… [+2908 chars]",2021-09-04,https://www.forbes.com/sites/johnnavin/2021/09/04/the-most-interesting-price-charts-of-the-week-gold-bitcoin-ether-analyzed/,https://thumbor.forbes.com/thumbor/fit-in/1200x0/filters%3Aformat%28jpg%29/https%3A%2F%2Fspecials-images.forbesimg.com%2Fimageserve%2F610eb70ace036fd4f2a5a586%2F0x0.jpg
"With Coinbase And SAP, Vast Bank Offers Bitcoin, Ethereum, Cardano, And Litecoin",Forbes,"For the first time ever, a U.S. national bank allows customers to purchase Bitcoin, Ethereum, Litecoin, Cardano, Algorand, Orchid, Filecoin and Bitcoin Cash right from their bank account. This story includes an interview with Brad Scrivner, the CEO of Vast Ba…","Bitcoin, Ethereum, Cardano, Filecoin, Litecoin, Orchid, Algorand, and Bitcoin Cash are eight cryptocurrencies now available for purchase directly from a FDIC-insured checking account if you are a cus… [+10792 chars]",2021-09-02,https://www.forbes.com/sites/jasonbrett/2021/09/01/with-coinbase-and-sap-vast-bank-offers-bitcoin-ethereum-cardano-and-litecoin/,https://thumbor.forbes.com/thumbor/fit-in/1200x0/https%3A%2F%2Fspecials-images.forbesimg.com%2Fimageserve%2F613042db43f5415c84888260%2F0x0.png
Amazon Is Working on Live Audio and Twitter Introducing Bitcoin Tipping in This Week’s Business and Crypto Roundup,HYPEBEAST,"Many brands are starting to see a recovery despite the challenges initially brought on by the pandemic. Some businesses, especially ones that focused efforts on expanding e-commerce ventures, have even seen profits rise even higher than before.HYPEBEAST has r…","Many brands are starting to see a recovery despite the challenges initially brought on by the pandemic. Some businesses, especially ones that focused efforts on expanding e-commerce ventures, have ev… [+3931 chars]",2021-09-04,https://hypebeast.com/2021/9/top-crypto-and-business-stories-of-the-week-september-3,https://image-cdn.hypb.st/https%3A%2F%2Fhypebeast.com%2Fimage%2F2021%2F09%2Ftop-crypto-and-business-stories-of-the-week-september-3-tw.jpg?w=960&cbr=1&q=90&fit=max
Bitcoin price slips 1.4% Friday morning - Fox Business,Fox Business,Bitcoin price slips 1.4% Friday morning  Fox Business,"Bitcoin
 was trading 1.4% lower on Friday morning.
The price was around $49,400 per coin, while rivals Ethereum and Dogecoin
 were trading around $3,800 and 29 cents per coin, respectively, accord… [+1782 chars]",2021-09-03,https://www.foxbusiness.com/markets/bitcoin-price-9-3-2021,https://a57.foxnews.com/static.foxbusiness.com/foxbusiness.com/content/uploads/2018/03/0/0/Bitcoin.jpg?ve=1&tl=1
Survey: 56% of Australians Incorrectly Believe Elon Musk Invented Bitcoin,Bitcoin Magazine,A report about the state of Bitcoin and cryptocurrency in Australia for August suggests that 56% of Australians believe Elon Musk invented Bitcoin.,"A report about the state of Bitcoin and cryptocurrency in Australia for August released by Finder suggests that 56% of Australians believe Elon Musk invented Bitcoin. Finder, who carried out the stud… [+2799 chars]",2021-09-03,https://bitcoinmagazine.com/culture/survey-56-of-australians-incorrectly-believe-elon-musk-invented-bitcoin,https://bitcoinmagazine.com/.image/t_share/MTgzNjEwMjc4NzE2Mzg0MzAy/screen-shot-2021-09-03-at-121823.png
Billionaire-Backed Exchange Funded by Alleged Scheme to 'Pump' Price,Bloomberg,"Bullish crypto exchange bankrolled by Block.one funds, discussed in newly published paper","It would become the biggest digital token sale on record. Over 11 months in 2017 and 2018, a little known software maker named Block.one held an initial coin offering for a new cryptocurrency, raisin… [+18762 chars]",2021-09-02,https://www.bloomberg.com/news/articles/2021-09-02/billionaire-backed-exchange-funded-by-alleged-scheme-to-pump-price,https://assets.bwbx.io/images/users/iqjWHBFdfxIU/iqbNX2ejpK_k/v0/1200x800.jpg
Vast Bank’s Bitcoin Move Shows Traditional Banks Are Becoming Serious With The Cryptocurrency Market,Yahoo Entertainment,Vast Bank has set the record as the first chartered bank in the United States to offer Bitcoin buying and custody services to its customers.,"Bitcoin is an investment vehicle that more people are looking to get into, and the traditional banks are not missing sight of this fact.
Vast Bank Starts Offering Bitcoin Buying And Custody Services… [+1994 chars]",2021-09-03,https://finance.yahoo.com/news/vast-bank-bitcoin-move-shows-101024039.html,https://s.yimg.com/uu/api/res/1.2/XBcqBuaA7bP45sTYEzupug--~B/aD00MTA7dz02MTU7YXBwaWQ9eXRhY2h5b24-/https://media.zenfs.com/en/fx_empire_176/0a3fb52d2dea1cc742a0dda4e6e7aaad
Why Hut 8 Mining Shares Popped 17.1% Today,Motley Fool,A rise in Bitcoin is helping pull this miner higher.,"What happened 
Shares of cryptocurrency stockHut 8 Mining(NASDAQ:HUT) jumped as much as 17.1% in trading on Thursday after announcing an operational update. Shares were still up 8.5% at 2:10 p.m. ED… [+1073 chars]",2021-09-02,https://www.fool.com/investing/2021/09/02/why-hut-8-mining-shares-popped-171-today/,https://g.foolcdn.com/editorial/images/641794/bitcoin-in-the-dirt.jpg
PayPal's About to Take On Robinhood,Motley Fool,It's the next step toward becoming a financial super app.,"At PayPal's (NASDAQ:PYPL) investor day earlier this year, CEO Dan Schulman laid out plans for PayPal to become a financial ""super app."" The plan included investing in bill payment, a high-yield savin… [+3360 chars]",2021-09-02,https://www.fool.com/investing/2021/09/02/paypals-about-to-take-on-robinhood/,https://g.foolcdn.com/editorial/images/641416/paypal-campus-in-san-jose-california.jpg
"Why Ethereum, Tezos, and FTX Are Soaring This Week",Motley Fool,Innovations behind these decentralized finance tokens are picking up speed.,"What happened 
Ethereum (CRYPTO:ETH), Tezos (CRYPTO:XTZ), and FTX (CRYPTO:FTT) are up 21.28%, 7.97%, and 29.12%, respectively, in the past seven days as of 10:42 a.m. EDT Saturday. They are now trad… [+3059 chars]",2021-09-04,https://www.fool.com/investing/2021/09/04/why-ethereum-tezos-and-ftx-are-soaring-this-week/,https://g.foolcdn.com/editorial/images/642044/gettyimages-1307283431.jpg
Regulator sues crypto lending platform over $2 BILLION fraud...,Macau Business,"Regulator sues crypto lending platform over $2 BILLION fraud...

 
 
 
 (Second column, 8th story, link)

 

 

 
 Related stories:DOJ Readying GOOGLE Antitrust Lawsuit Over Ad Business...","The US markets watchdog on Wednesday sued an online cryptocurrency lending company and its top executives over allegations of fraudulently raising $2 billion in investments. 
The Securities and Exch… [+1633 chars]",2021-09-02,https://www.macaubusiness.com/us-regulator-sues-crypto-lending-platform-over-2bn-fraud/,
Start Building Your Digital Collection on Voice,Gothamist,"The company is launching a carbon-neutral NFT marketplace built specifically for emerging creators, with a focus on introducing an entirely new audience to the powerful technology. [ more › ]","A creative revolution is underway. Blockchain technology democratizes industries by introducing transparency and driving innovation, and Bushwick-based startup Voice is leveraging NFTs as a way to em… [+1239 chars]",2021-09-02,https://gothamist.com/arts-entertainment/start-building-your-digital-collection-voice-new-nyc-based-platform-emerging-creators,https://cms.prod.nypr.digital/images/323221/fill-1200x650/
Why China's bitcoin miners are moving to Texas,Yahoo Entertainment,Beijing's crackdown on cryptocurrency sends bitcoin entrepreneurs moving to the wild wild west.,"Mini figure of a bitcoin miner
China's ban on cryptocurrency mining has forced bitcoin entrepreneurs to flee overseas. Many are heading to Texas, which is quickly becoming the next global cryptocurr… [+6051 chars]",2021-09-03,https://news.yahoo.com/why-chinas-bitcoin-miners-moving-231305739.html,https://s.yimg.com/uu/api/res/1.2/0tXNQdnZlTkeksIavTo_.g--~B/aD01NDk7dz05NzY7YXBwaWQ9eXRhY2h5b24-/https://media.zenfs.com/en/bbc_us_articles_995/528438982e6c583dfff43e7437a53992
COCO Cocoin Cryptocurrency Top Community-Driven Limited Altcoin System Expanded,Yahoo Entertainment,Crypto Marketing Company announces the expansion of the Cocoin cryptocurrency system to introduce strategies developed from suggestions voted on by its...,Crypto Marketing Company announces the expansion of the Cocoin cryptocurrency system to introduce strategies developed from suggestions voted on by its investor community. These strategies will expan… [+3579 chars],2021-09-04,https://finance.yahoo.com/news/coco-cocoin-cryptocurrency-top-community-045600708.html,https://s.yimg.com/uu/api/res/1.2/Ok2CPbvfb7wTlGl_ZiJ4wA--~B/aD00ODA7dz00NzE7YXBwaWQ9eXRhY2h5b24-/https://media.zenfs.com/en/globenewswire.com/3ccc7de23c8a552290f47cdae59d5cff
MAS orders crypto exchange operator Binance to stop providing payment services to Singapore residents,CNA,"SINGAPORE: The Monetary Authority of Singapore (MAS) on Thursday (Sep 2) said it has ordered the operator of cryptocurrency exchange platform Binance.com to stop providing payment services to residents in Singapore.

Responding to media queries, an MAS spok…",SINGAPORE: The Monetary Authority of Singapore (MAS) on Thursday (Sep 2) said it has ordered the operator of cryptocurrency exchange platform Binance.com to stop providing payment services to residen… [+2218 chars],2021-09-02,https://www.channelnewsasia.com/business/binanace-mas-payment-services-act-investor-alert-list-2152346,https://onecms-res.cloudinary.com/image/upload/s--vNB9bGaJ--/f_auto%2Cq_auto/c_fill%2Cg_auto%2Ch_338%2Cw_600/binance-app-is-seen-on-a-smartphone-in-this-illustration-2.jpg?itok=Hj0P6AwO
Galaxy Digital to Present at the 2021 Barclays Global Financial Services Conference,Yahoo Entertainment,"Galaxy Digital Holdings Ltd. (TSX: GLXY), a financial services and investment management innovator in the digital asset, cryptocurrency, and blockchain...","NEW YORK, Sept. 2, 2021 /CNW/ - Galaxy Digital Holdings Ltd. (TSX: GLXY), a financial services and investment management innovator in the digital asset, cryptocurrency, and blockchain technology sect… [+1747 chars]",2021-09-02,https://finance.yahoo.com/news/galaxy-digital-present-2021-barclays-110000081.html,https://s.yimg.com/uu/api/res/1.2/RZ6N1z.oWh89i.6P_.2_cA--~B/aD0yNDg7dz0yOTM7YXBwaWQ9eXRhY2h5b24-/https://media.zenfs.com/en/cnwgroup.com/c08ca7eacc9714d8ac824c65227eb6b8
"Need to Know: Aggressive young investors are helping keep a correction at bay, says JPMorgan",MarketWatch,"Our call of the day from JPMorgan, says aggress offers up a fresh view on the chances of a correction for stocks","We are almost two days into what has historically been a bummer of a month for stock investors. Given the list of worries piling up, and those include Fridays jobs data and the shadow of last Septemb… [+6074 chars]",2021-09-02,https://www.marketwatch.com/story/aggressive-young-investors-are-helping-keep-a-correction-at-bay-says-jpmorgan-11630579921,https://images.mktw.net/im-394984/social
"3 Hypergrowth Stocks Expected to Increase Sales 1,185% to 12,629% by 2023",Motley Fool,These fast-paced companies should generate jaw-dropping revenue growth over the next three years.,"Since the end of the Great Recession in 2009, growth stocks have thrived. Historically low lending rates, an ongoing quantitative easing program designed to weigh down long-term bond yields, and a fr… [+7967 chars]",2021-09-03,https://www.fool.com/investing/2021/09/03/3-hypergrowth-stocks-increase-sales-1185-to-12629/,https://g.foolcdn.com/editorial/images/641361/financial-newspaper-graph-showing-gains-getty.jpg
"Teach yourself about Kubernetes, blockchain and Google Cloud with this $30 bundle",AndroidGuys,Access 30+ hours of hands-on training on Google and Blockchain Development. These fast-growing platforms could be your key to a new career!,"If you think blockchain is some strange technology that magically creates Bitcoin, you don’t quite understand how things work. While they may be correlated and connected, they aren’t the same. The sa… [+1847 chars]",2021-09-02,https://www.androidguys.com/deals/google-devops-blockchain-kubernetes/,https://www.androidguys.com/wp-content/uploads/2021/09/google_devops_blockchain.png
SEC Files Lawsuit Against BitConnect Founder Over Role in $2B Crypto Fraud,Yahoo Entertainment,The U.S. Securities and Exchange Commission has sued the founder of BitConnect for his involvement in the $2 billion cryptocurrency scam that shocked the...,"BeInCrypto 
The U.S. Securities and Exchange Commission has sued the founder of BitConnect for his involvement in the $2 billion cryptocurrency scam that shocked the crypto world.
According to a pr… [+670 chars]",2021-09-02,https://finance.yahoo.com/news/sec-files-lawsuit-against-bitconnect-063656058.html,https://s.yimg.com/uu/api/res/1.2/9niPO.Q7jTz7i50Djug.Qw--~B/aD03MjA7dz0xMjAwO2FwcGlkPXl0YWNoeW9u/https://media.zenfs.com/en/beincrypto_articles_718/bfd3969cf260fd76d83b43d308e2344d
"CryptoStar Corp. Executes Equipment Hosting Agreement in Alberta, Canada",Yahoo Entertainment,"CryptoStar Corp. (TSXV: CSTR) (""CryptoStar"" or the ""Company""), a cryptocurrency mining and data centre operator, is pleased to announce that, further to its ...","TSXV: CSTR
TORONTO, Sept. 2, 2021 /CNW/ - CryptoStar Corp. (TSXV: CSTR) (""CryptoStar"" or the ""Company""), a cryptocurrency mining and data centre operator, is pleased to announce that, further to its… [+3916 chars]",2021-09-02,https://finance.yahoo.com/news/cryptostar-corp-executes-equipment-hosting-120500249.html,https://s.yimg.com/uu/api/res/1.2/JbOt4Ev.P914BIP3vFBKZw--~B/aD0xNjt3PTE2O2FwcGlkPXl0YWNoeW9u/https://media.zenfs.com/en/cnwgroup.com/93729fc8cbc03c9a5902ed8d0e9ba059
"ACE Exchange Tackles Cryptocurrency Money Laundering With KPMG, KGI Bank and CYBAVO",Yahoo Entertainment,"As nations around the world step up trying to take control over cryptocurrencies to prevent financial crimes, ACE Exchange, a leading cryptocurrency exchange...","TAIPEI, Sept. 2, 2021 /PRNewswire/ -- As nations around the world step up trying to take control over cryptocurrencies to prevent financial crimes, ACE Exchange, a leading cryptocurrency exchange bas… [+3721 chars]",2021-09-03,https://finance.yahoo.com/news/ace-exchange-tackles-cryptocurrency-money-014700888.html,https://s.yimg.com/uu/api/res/1.2/FD12u3alr5QUqYQ8N5iIYQ--~B/aD00MDA7dz00MDA7YXBwaWQ9eXRhY2h5b24-/https://media.zenfs.com/en/prnewswire.com/b621007ff0c511d2f8148bce57702546
How ChainXworld Is Using DeFi and Blockchain Technology to Transform the Real Estate and E-Commerce Industries,Yahoo Entertainment,"Geneva, Switzerland, Sept. 03, 2021 (GLOBE NEWSWIRE) -- In 2021, the cryptocurrency space has seen remarkable growth. All-time highs and ever-expanding use...","Geneva, Switzerland, Sept. 03, 2021 (GLOBE NEWSWIRE) -- In 2021, the cryptocurrency space has seen remarkable growth. All-time highs and ever-expanding use-cases have led to entire industries being t… [+2719 chars]",2021-09-03,https://finance.yahoo.com/news/chainxworld-using-defi-blockchain-technology-111900245.html,https://s.yimg.com/uu/api/res/1.2/bKkmaBpvgaBVWewNhKIxTg--~B/aD0zMTI7dz04MjA7YXBwaWQ9eXRhY2h5b24-/https://media.zenfs.com/en/globenewswire.com/18e67e181b5c7f050e6406e0be11e692
The First Cryptocurrency Exchange Traded Fund (ETF) in DeFi Set to Debut around Mid-September by DogeHouse Capital,Yahoo Entertainment,"Cryptocurrency ETFs are already making their way into the world of DeFi.NEW YORK, NY / ACCESSWIRE / September 3, 2021 / Recently, DogeHouse Capital, the...","Cryptocurrency ETFs are already making their way into the world of DeFi.
NEW YORK, NY / ACCESSWIRE / September 3, 2021 / Recently, DogeHouse Capital, the multinational cryptocurrency company, has pr… [+3384 chars]",2021-09-03,https://finance.yahoo.com/news/first-cryptocurrency-exchange-traded-fund-132500102.html,https://s.yimg.com/uu/api/res/1.2/vaK_BNV53aGe0LGTY9mmng--~B/aD05NzY7dz05MDA7YXBwaWQ9eXRhY2h5b24-/https://media.zenfs.com/en/accesswire.ca/682aeed9d34a56656e5e09487b634a39
Alchemy Pay's ACH Lists on Coinone in South Korea,Yahoo Entertainment,"The world's 14th largest cryptocurrency exchange by spot trading volume, Coinone, now supports trading and custody of Alchemy Pay's utility token, ACH, for...","Payment gateway utility token gains further traction in Asian markets
SINGAPORE, Sept. 3, 2021 /PRNewswire/ -- The world's 14th largest cryptocurrency exchange by spot trading volume, Coinone, now s… [+4284 chars]",2021-09-03,https://finance.yahoo.com/news/alchemy-pays-ach-lists-coinone-094200356.html,https://s.yimg.com/uu/api/res/1.2/aDNDmA6amm8Tu7NSmVfDFQ--~B/aD04Njt3PTQwMDthcHBpZD15dGFjaHlvbg--/https://media.zenfs.com/en/prnewswire.com/0f52da9bc2b55f8a1f1fe0611ce948d6
"ACE Exchange Tackles Cryptocurrency Money Laundering With KPMG, KGI Bank and CYBAVO",Yahoo Entertainment,"As nations around the world step up trying to take control over cryptocurrencies to prevent financial crimes, ACE Exchange, a leading cryptocurrency exchange...","TAIPEI, Sept. 3, 2021 /PRNewswire/ -- As nations around the world step up trying to take control over cryptocurrencies to prevent financial crimes, ACE Exchange, a leading cryptocurrency exchange bas… [+3562 chars]",2021-09-03,https://finance.yahoo.com/news/ace-exchange-tackles-cryptocurrency-money-030500731.html,https://s.yimg.com/uu/api/res/1.2/SK9TCYWB1EH0yRosbS7nrQ--~B/aD00MDA7dz00MDA7YXBwaWQ9eXRhY2h5b24-/https://media.zenfs.com/en/prnewswire.com/1e42bb9a901fb6bea02cee71d82d761e
Why China's bitcoin miners are moving to Texas,BBC News,Beijing's crackdown on cryptocurrency sends bitcoin entrepreneurs moving to the wild wild west.,"By Zhaoyin FengBBC News, Washington
China's ban on cryptocurrency mining has forced bitcoin entrepreneurs to flee overseas. Many are heading to Texas, which is quickly becoming the next global crypt… [+6268 chars]",2021-09-03,https://www.bbc.co.uk/news/world-us-canada-58414555,https://ichef.bbci.co.uk/news/1024/branded_news/380B/production/_99474341_hi043743901.jpg
Is the Venmo Credit Card Worthwhile?,Yahoo Entertainment,"If you rely on Venmo, an app that lets you send money to someone or pay a merchant that accepts this cashless option, you may have considered applying for a ...","If you rely on Venmo, an app that lets you send money to someone or pay a merchant that accepts this cashless option, you may have considered applying for a Venmo Credit Card. The card became widely … [+6652 chars]",2021-09-03,https://news.yahoo.com/venmo-credit-card-worthwhile-141319833.html,https://s.yimg.com/cv/apiv2/social/images/yahoo_default_logo-1200x1200.png
Why Nvidia Stock Jumped 15% in August,Motley Fool,"In 2021, shares of the gaming and tech giant have returned 75%.","What happened
Nvidia(NASDAQ:NVDA) stock popped 14.8% in August, significantly outpacing the S&amp;P 500's 3% return, according to data from S&amp;P Global Market Intelligence. 
This robust performa… [+1856 chars]",2021-09-04,https://www.fool.com/investing/2021/09/04/why-nvidia-stock-jumped-15-in-august/,https://g.foolcdn.com/editorial/images/642036/nvda-stock-nvidia-stock-nvda-earnings-is-nvda-a-buy-best-tech-stocks-best-growth-stocks-to-buy-2021.jpg
Here's Why Support.com Stock Skyrocketed 291% Last Month,Motley Fool,"Support.com stock is now up roughly 1,000% in 2021's trading.","What happened
Shares of Support.com (NASDAQ:SPRT) surged 291% in August, according to data from S&amp;P Global Market Intelligence. The beaten-down tech and customer support stock soared after it be… [+2545 chars]",2021-09-02,https://www.fool.com/investing/2021/09/02/heres-why-supportcom-stock-skyrocketed-291-last-mo/,https://g.foolcdn.com/editorial/images/641643/a-rocket-going-to-the-moon.jpg
How SpaceX Starlink could resolve rising government-controlled internet shutdowns,Spaceexplored.com,"A recent Jigsaw report raised concerns over the growing number of government-engineered internet outages across the world. With over 850 government-engineered internet outages in the past decade, citizens of affected nations are desperate for a solution. Spac…","A recent Jigsaw report raised concerns over the growing number of government-engineered internet outages across the world. With over 850 government-engineered internet outages in the past decade, cit… [+8397 chars]",2021-09-02,https://spaceexplored.com/2021/09/02/how-spacex-starlink-could-resolve-rising-government-controlled-internet-shutdowns/,https://i2.wp.com/spaceexplored.com/wp-content/uploads/sites/10/2021/09/starlink.jpg?resize=1200%2C628&ssl=1
"I interviewed Brian J. Fox, the creator of Bash",Curiefense.io,"The legendary Brian J. Fox, who created the Bash Shell and he was the first employee of the Free Software Foundation. He is also the Co-Founder of Orchid, a blockchain company that started in 2017 joins us.","About this Episode
Sponsored by Reblaze, creators of Curiefense
Panelists
Justin Dorfman | Richard Littauer
Guest
Brian J. Fox
Show Notes
Hello and welcome to Committing to Cloud Native Podcas… [+45166 chars]",2021-09-02,https://podcast.curiefense.io/22,https://assets.fireside.fm/file/fireside-images/podcasts/images/5/59436d00-25dd-47dc-a71c-2aa6264df48c/episodes/d/d94ba1e2-7a91-4477-9eea-528833884ccf/cover_medium.jpg?v=2
RIZIN champion Roberto Satoshi donates The Dice Team sponsorship money after $55 million Oz Project fraud accusations,MMA Fighting,"Oz Project, a cryptocurrency project that promised huge profit to its investors, turned out to be a scam.","Roberto Satoshi (blue gloves) tapped Tofiq Musayev (red gloves) to win the RIZIN lightweight championship | Photo via RIZIN

 

 RIZIN lightweight champion Roberto Satoshi has decided to donate the … [+2754 chars]",2021-09-02,https://www.mmafighting.com/2021/9/2/22650281/rizin-champion-roberto-satoshi-donates-the-dice-team-sponsorship-money-fraud-mma,https://cdn.vox-cdn.com/thumbor/l7C5sP3StO8vs2-Jn_b0TSLMH-s=/0x41:1500x826/fit-in/1200x630/cdn.vox-cdn.com/uploads/chorus_asset/file/22659907/E3xBWPCVEAYSdad.jpeg
El Salvador - Witnessing a New Age of Economic System with Cryptocurrency,Yahoo Entertainment,"SAN SALVADOR, EL SALVADOR / ACCESSWIRE / September 3, 2021 / The bill passed by the El Salvador government in June of 2021 comes into effect from September, ...","SAN SALVADOR, EL SALVADOR / ACCESSWIRE / September 3, 2021 / The bill passed by the El Salvador government in June of 2021 comes into effect from September, and the entire nation is now preparing for… [+3237 chars]",2021-09-03,https://finance.yahoo.com/news/el-salvador-witnessing-age-economic-114500351.html,https://s.yimg.com/ny/api/res/1.2/NbY.4txlFT_UeoMH9l_Ydw--/YXBwaWQ9aGlnaGxhbmRlcjt3PTEyMDA7aD02NzU-/https://s.yimg.com/uu/api/res/1.2/qdWiMbcEc.BYNZKUjV3M2A--~B/aD03MjA7dz0xMjgwO2FwcGlkPXl0YWNoeW9u/https://media.zenfs.com/en/accesswire.ca/7147cd3a92ad93d727b6f6967389b5cf
Coinbase for $10 worth of Bitcoin free w/ signup,Dealnews.com,"A DealNews exclusive! Buy and sell cryptocurrency with Coinbase and get free Bitcoin when you sign up using coupon code ""DEALNEWS10"" and verify your ID. 
 Features
 <ul> <li>You don't have to buy the whole coin! Buy Bitcoin from just $10 (transaction fees a…","A DealNews exclusive!Buy and sell cryptocurrency with Coinbase and get free Bitcoin when you sign up using coupon code ""DEALNEWS10"" and verify your ID. 
<ul><li>You don't have to buy the whole coin!… [+570 chars]",2021-09-05,https://www.dealnews.com/Coinbase-for-10-worth-of-Bitcoin-free-w-signup/19523648.html,"https://cdlnws.a.ssl.fastly.net/image/upload/f_auto,t_maximum,q_auto/content/yszr83igvo28tppiy3dk.png"
Twitter leaks indicate Tip Jar Bitcoin support will arrive soon,SlashGear,"Earlier this year, Twitter introduced a feature called Tip Jar that allows users to give creators tips directly on their profiles. The feature is one of the multiple new ways Twitter is enabling its users to monetize their tweets, a particularly useful featur…","Earlier this year, Twitter introduced a feature called Tip Jar that allows users to give creators tips directly on their profiles. The feature is one of the multiple new ways Twitter is enabling its … [+1520 chars]",2021-09-02,https://www.slashgear.com/twitter-leaks-indicate-tip-jar-bitcoin-support-will-arrive-soon-02689425/,https://cdn.slashgear.com/wp-content/uploads/2021/09/twitter-tip-jar-leak-bitcoin-tipping.jpg
"Reddit-inspired day traders bought stocks at a record pace this summer - and their recent push into altcoins has crypto markets looking frothy, JPMorgan says",Business Insider,A surge in NFT purchases and DeFi activity helped propel altcoins like Cardano and Solana in August.,"In this photo illustration of the litecoin, ripple and ethereum cryptocurrency 'altcoins' sit arranged for a photograph
Jack Taylor/Getty Image
<ul><li>Retail investors bought stocks at a record pa… [+2021 chars]",2021-09-02,https://markets.businessinsider.com/news/currencies/crypto-market-outlook-altcoin-surge-reddit-day-traders-looks-frothy-2021-9,https://images2.markets.businessinsider.com/60eeeaf261b8600019f16fcd?format=jpeg
This Surging Cryptocurrency Just Overtook Dogecoin,Investor's Business Daily,"The Solana price surge lifted Bitcoin stocks such as Coinbase and Marathon Digital as well. SOL's price rally came in the wake of ""Ignition.""","A Solana price surge Friday sent it to a new high and put its market value above Dogecoin's, making SOL the seventh biggest cryptocurrency.
XBy midday, the Solana price was up 12% to $140.50, after … [+1479 chars]",2021-09-03,https://www.investors.com/news/this-surging-cryptocurrency-just-overtook-dogecoin/,https://www.investors.com/wp-content/uploads/2021/09/Stock-solana-01-adobe.jpg
TORG – A Hugely Successful Cryptocurrency Starts Building Its Institutional Capacity,Business Wire,"DUBAI, United Arab Emirates--(BUSINESS WIRE)-- #CoinPayments--TORG has announced that it will now be focussing its efforts towards the development of this revolutionary cryptocurrencies’ institutional capacity.","DUBAI, United Arab Emirates--(BUSINESS WIRE)--TORG Foundation, the force behind the launch of worlds first utilimeme based cryptocurrency TORG has announced that it will now be focussing its efforts … [+4669 chars]",2021-09-02,https://www.businesswire.com/news/home/20210902005785/en/TORG-%E2%80%93-A-Hugely-Successful-Cryptocurrency-Starts-Building-Its-Institutional-Capacity,https://mms.businesswire.com/media/20210902005785/en/902757/23/LOGO.jpg
China Bans “Sissy Men” from Television,Consequence.net,"China has announced that effeminate men are banned from TV. This homophobic crackdown is part of a broad “national rejuvenation"" initiative.","China has announced that effeminate men are banned from television. This homophobic crackdown is being touted as a “national rejuvenation,” according to Deadline, as state TV regulators call to “reso… [+844 chars]",2021-09-03,http://consequence.net/2021/09/china-bans-effeminate-men-tv/,https://consequence.net/wp-content/uploads/2021/09/china-bans-effeminate-men.jpg?quality=80
Popular NFT Art Project CryptoPunks Signs With United Talent Agency,Just Jared,"CyptoPunks is about to become an even bigger name. The NFT cryptocurrency art project from Larva Labs signed with United Talent Agency (UTA) for film, TV and video game publishing and licensing, THR reported. Click inside to read more… UTA will also be repres…","CyptoPunks is about to become an even bigger name.
The NFT cryptocurrency art project from Larva Labs signed with United Talent Agency (UTA) for film, TV and video game publishing and licensing, THR… [+1226 chars]",2021-09-02,http://www.justjared.com/2021/09/02/popular-nft-art-project-cryptopunks-signs-with-united-talent-agency/,https://cdn.justjared.com/wp-content/uploads/headlines/2021/09/cryptopunks-nft-social.jpg
Binance founder Changpeng Zhao says its U.S. crypto exchange arm targets IPO in three years - The Information,Yahoo Entertainment,"""Binance.US is just going to do what Coinbase did,"" Zhao said, according to the report.  Binance.US is also set to close on a large private fundraising round...","(Reuters) - Global cryptocurrency exchange Binance's founder and chief executive officer Changpeng Zhao said that its U.S. arm could have an initial public offering in the next three years, The Infor… [+809 chars]",2021-09-02,https://finance.yahoo.com/news/binance-founder-changpeng-zhao-says-014815287.html,https://s.yimg.com/uu/api/res/1.2/IQnVP1TpqXPcSDbWoW9kGw--~B/aD01NTU7dz04MDA7YXBwaWQ9eXRhY2h5b24-/https://media.zenfs.com/en/reuters-finance.com/7bbd94807ed32deec5dccca17a844d3e
"Crypto and blockchain jobs' share grew 118% in ten months, new data shows",Cointelegraph,"Not only has demand for cryptocurrency- and blockchain-related expertise increased, but new data suggests that the kinds of roles being posted have shifted over time.",A new report gathering together the most recent data on the cryptocurrency and blockchain job market has suggested that higher levels of institutional adoption have spurred ever greater demand for ex… [+2233 chars],2021-09-03,https://cointelegraph.com/news/crypto-and-blockchain-jobs-share-grew-118-in-ten-months-new-data-shows,https://images.cointelegraph.com/images/1200_aHR0cHM6Ly9zMy5jb2ludGVsZWdyYXBoLmNvbS91cGxvYWRzLzIwMjEtMDkvMTM2NmQwNWYtZjc4NS00NzZiLTgxN2ItYTQwNjUzM2M1MDVjLmpwZw==.jpg
Hisham Chaudhary: Oadby terrorist who funded IS with Bitcoin jailed,BBC News,"Hisham Chaudhary used Bitcoin to free IS supporters from detention camps, police say.","image sourceCounter Terrorism Policing North East
image captionHisham Chaudhary was found guilty of seven offences under the Terrorism Act
A man who funded the Islamic State (IS) group using Bitcoi… [+2300 chars]",2021-09-03,https://www.bbc.co.uk/news/uk-england-leicestershire-58439085,https://ichef.bbci.co.uk/news/1024/branded_news/70AD/production/_119254882_c1f679f3-449d-4597-b075-5ae391f4df55.jpg
"Why Solana, Polkadot, and Chainlink Are All Up This Week",Motley Fool,These blockchain tokens are rapidly revolutionizing the world of finance.,"What happened 
Solana(CRYPTO:SOL), Polkadot(CRYPTO:DOT), and Chainlink(CRYPTO:LINK) are up 69.78%, 27.65%, and 20.77%, respectively, in the past seven days. They are now trading at a respective $139… [+3172 chars]",2021-09-03,https://www.fool.com/investing/2021/09/03/why-solana-polkadot-and-chainlink-are-all-up-this/,https://g.foolcdn.com/editorial/images/641954/skyscrapers-emerging-from-blockchains-getty-images.jpg
"What Elon Musk's Offbeat ""Tesla Bot"" Could Really Be",Motley Fool,"Though there's no robot yet, the ""unveiling"" may still serve a practical purpose.","During the AI Day event of electric automaker Tesla(NASDAQ:TSLA), the company's maverick CEO Elon Musk revealed a new product concept, the ""Tesla Bot."" A humanoid robot or android, the robot was repr… [+3803 chars]",2021-09-02,https://www.fool.com/investing/2021/09/02/what-elon-musks-offbeat-tesla-bot-could-really-be/,https://g.foolcdn.com/editorial/images/640448/bot-handshake.jpg
"Data: Eastern Europe emerges as hotbed of crypto scams, costing investors millions",Yahoo Entertainment,"A little known crypto scam made up half of all illicit crypto transactions in Eastern Europe over the past year, costing investors hundreds of millions.","Eastern Europe has become a hotbed for cryptocurrency scams, according to a new analysis, with addresses in the region having a high rate of exposure to illicit transactions second to only Africa. 
… [+7488 chars]",2021-09-03,https://finance.yahoo.com/news/eastern-europe-emerges-as-hotbed-of-crypto-scams-costing-investors-millions-191952314.html,https://s.yimg.com/os/creatr-uploaded-images/2021-09/b0e425e0-0ad0-11ec-bff9-3488446f396d
"An investor's guide to Cardano, which has mysteriously become the No. 3 crypto in the world",CNBC,"Cardano's ada token just hit an all-time high, but how it became the third-largest cryptocurrency is a mystery to some.","The Cardano blockchain's ada token, the third largest cryptocurrency by market capitalization, according to CoinGecko, hit an all-time high Thursday of $3.09, after breaking past $3 on Wednesday.
Th… [+388 chars]",2021-09-04,https://www.cnbc.com/2021/09/04/an-investors-guide-to-cardano-which-has-mysteriously-become-the-no-3-crypto-in-the-world.html,https://image.cnbcfm.com/api/v1/image/104893407-GettyImages-885948316.jpg?v=1532563713
Argo Blockchain Provides August Operational Update,Business Wire,"LONDON--(BUSINESS WIRE)--Argo Blockchain plc (LSE: ARB; OTCQX: ARBKF), (“Argo” or the “Company”), a global leader in sustainable blockchain infrastructure and cryptocurrency mining, is pleased to provide the following operational update for August. During the…","LONDON--(BUSINESS WIRE)--Argo Blockchain plc (LSE: ARB; OTCQX: ARBKF), (Argo or the Company), a global leader in sustainable blockchain infrastructure and cryptocurrency mining, is pleased to provide… [+1753 chars]",2021-09-03,https://www.businesswire.com/news/home/20210903005075/en/Argo-Blockchain-Provides-August-Operational-Update,http://www.businesswire.com/images/bwlogo_square.png
Hackers increasingly relying on dropper-as-a-service platforms to distribute malware,TechRadar,Malware authors outsource distribution of their malicious creations to as-a-service platforms that do the leg work for them.,"Malware
 authors are increasingly relying on dropper-as-a-service (DaaS) platforms to distribute their malicious creations, according to cybersecurity
 researchers.
In its latest research, Sophos… [+2419 chars]",2021-09-02,https://www.techradar.com/news/hackers-increasingly-relying-on-dropper-as-a-service-platforms-to-distribute-malware,https://cdn.mos.cms.futurecdn.net/eVgzzXmQMEyvzfYvAaAMrX-1200-80.jpg
"Bitcoin Prices Trade Near $50,000 After Hitting Fresh, Multi-Month High",Forbes,"Bitcoin prices neared $50,400 this morning, reaching their highest since May 15. Will the digital currency break through resistance near that level to approach its all-time high, or will it fall back first?","Bitcoin prices have been stuck trading near $50,000 after their latest upward movement. (Photo by ... [+] INA FASSBENDER / AFP) (Photo by INA FASSBENDER/AFP via Getty Images)
AFP via Getty Images
B… [+4933 chars]",2021-09-02,https://www.forbes.com/sites/cbovaird/2021/09/02/bitcoin-prices-trade-near-50000-after-hitting-fresh-multi-month-high/,https://thumbor.forbes.com/thumbor/fit-in/1200x0/filters%3Aformat%28jpg%29/https%3A%2F%2Fspecials-images.forbesimg.com%2Fimageserve%2F5ee010bdfba0f20006929875%2F0x0.jpg
Vast Becomes First Chartered US Bank to Offer Bitcoin Buying And Custody,Bitcoin Magazine,Vast Bank has become the first U.S. bank with FDIC insurance and a Federal Reserve charter to offer Bitcoin services.,"Vast Bank has become the first U.S. bank with FDIC insurance and a Federal Reserve charter to offer Bitcoin services.
Customers at Vast Bank can now buy and sell Bitcoin directly from an FDIC-insure… [+2499 chars]",2021-09-02,https://bitcoinmagazine.com/business/vast-becomes-first-chartered-us-bank-to-offer-bitcoin-buying-and-custody,https://bitcoinmagazine.com/.image/t_share/MTgzNTgzMjM2NTI4NTQ2ODU0/vast.png
